<?xml version="1.0"?>
<?mso-application progid="Excel.Sheet"?>
<Workbook xmlns="urn:schemas-microsoft-com:office:spreadsheet"
 xmlns:o="urn:schemas-microsoft-com:office:office"
 xmlns:x="urn:schemas-microsoft-com:office:excel"
 xmlns:ss="urn:schemas-microsoft-com:office:spreadsheet"
 xmlns:html="http://www.w3.org/TR/REC-html40">
 <DocumentProperties xmlns="urn:schemas-microsoft-com:office:office">
  <Created>2006-09-16T00:00:00Z</Created>
  <LastSaved>2017-01-09T16:43:20Z</LastSaved>
  <Version>15.00</Version>
 </DocumentProperties>
 <OfficeDocumentSettings xmlns="urn:schemas-microsoft-com:office:office">
  <AllowPNG/>
  <RemovePersonalInformation/>
 </OfficeDocumentSettings>
 <ExcelWorkbook xmlns="urn:schemas-microsoft-com:office:excel">
  <WindowHeight>8010</WindowHeight>
  <WindowWidth>14805</WindowWidth>
  <WindowTopX>240</WindowTopX>
  <WindowTopY>105</WindowTopY>
  <ProtectStructure>False</ProtectStructure>
  <ProtectWindows>False</ProtectWindows>
 </ExcelWorkbook>
 <Styles>
  <Style ss:ID="Default" ss:Name="Normal">
   <Alignment ss:Vertical="Bottom"/>
   <Borders/>
   <Font ss:FontName="Calibri" x:Family="Swiss" ss:Size="11" ss:Color="#000000"/>
   <Interior/>
   <NumberFormat/>
   <Protection/>
  </Style>
  <Style ss:ID="s16" ss:Name="Hiperlink">
   <Font ss:FontName="Calibri" x:Family="Swiss" ss:Size="11" ss:Color="#0000FF"
    ss:Underline="Single"/>
  </Style>
 </Styles>
 <Worksheet ss:Name="Plan1">
  <Table ss:ExpandedColumnCount="3" ss:ExpandedRowCount="4" x:FullColumns="1"
   x:FullRows="1" ss:DefaultRowHeight="15">
   <Column ss:Index="2" ss:Width="108"/>
   <Column ss:Width="84"/>
   <Row>
    <Cell><Data ss:Type="String">nome</Data></Cell>
    <Cell><Data ss:Type="String">email</Data></Cell>
    <Cell><Data ss:Type="String">niveis_acesso_id</Data></Cell>
   </Row>
   <Row>
    <Cell><Data ss:Type="String">Cesar</Data></Cell>
    <Cell ss:StyleID="s16" ss:HRef="mailto:cesar@celke.com.br"><Data
      ss:Type="String">cesar@celke.com.br</Data></Cell>
    <Cell><Data ss:Type="Number">1</Data></Cell>
   </Row>
   <Row>
    <Cell><Data ss:Type="String">Kelly</Data></Cell>
    <Cell ss:StyleID="s16" ss:HRef="mailto:kelly@celke.com.br"><Data
      ss:Type="String">kelly@celke.com.br</Data></Cell>
    <Cell><Data ss:Type="Number">1</Data></Cell>
   </Row>
   <Row>
    <Cell><Data ss:Type="String">Jessica</Data></Cell>
    <Cell ss:StyleID="s16" ss:HRef="mailto:Jessica@celke.com.br"><Data
      ss:Type="String">Jessica@celke.com.br</Data></Cell>
    <Cell><Data ss:Type="Number">2</Data></Cell>
   </Row>
  </Table>
  <WorksheetOptions xmlns="urn:schemas-microsoft-com:office:excel">
   <PageSetup>
    <Header x:Margin="0.3"/>
    <Footer x:Margin="0.3"/>
    <PageMargins x:Bottom="0.75" x:Left="0.7" x:Right="0.7" x:Top="0.75"/>
   </PageSetup>
   <Selected/>
   <Panes>
    <Pane>
     <Number>3</Number>
     <ActiveRow>2</ActiveRow>
    </Pane>
   </Panes>
   <ProtectObjects>False</ProtectObjects>
   <ProtectScenarios>False</ProtectScenarios>
  </WorksheetOptions>
 </Worksheet>
</Workbook>
